Workbook

Sheet تعليمات
A1: جدول متابعة أسعار المنافسين: إسطنبول الأوروبية
A2: أُنشئ في 29 أكتوبر 2026 من أسعار منشورة علنًا على مواقع المنافسين. ليس فيه أي بيانات سرية.
A4: الصفحات
A5: • الأصناف: 20 صنفًا أساسيًا. املأ العمود الأصفر "سعرنا بدون KDV" بسعر البيع عندكم (الوحدة المرجعية مكتوبة بجانب كل صنف).
A6: • أسعار المنافسين: كل سعر تم رصده في سطر (التاريخ، المنافس، الصنف، السعر، عدد القطع في الباقة، الرابط). أضف أسطرًا جديدة في آخر الجدول كل شهر.
A7: • المقارنة: تحسب وحدها (أقل سعر، المتوسط، أعلى سعر، وفرق سعركم عن الأقل). لا تعدّل فيها.
A8: • المنافسون: قائمة بالشركات وأماكنها ونوعها (من ملف التحليل docs/competitor-analysis-2026-10-29.md).
A10: طريقة التحديث الشهري (حوالي 30 دقيقة)
A11: 1) افتح روابط المصدر في صفحة "أسعار المنافسين" وسجّل السعر الجديد في سطر جديد بتاريخ اليوم (لا تمسح القديم لنرى التغيّر).
A12: 2) املأ سعركم في صفحة "الأصناف" إن تغيّر.
A13: 3) اقرأ صفحة "المقارنة": العمود "فرق سعرنا عن الأقل" بالنسبة المئوية؛ موجب = نحن أغلى.
A15: مثال على المدخلات
... A26: اللون: خلفية صفراء = خلايا تملؤها أنت. خط أزرق = قيم مُدخلة. خط أسود = صيغ محسوبة.

Sheet الأصناف
A1: الأصناف الأساسية للمتابعة (20)
A3: الرمز | B3: الصنف | C3: الوحدة المرجعية | D3: ملاحظة المقارنة | E3: سعرنا بدون KDV (ليرة)
A4: S01 | B4: Palet streç film 17 mikron, 50 cm x 300 m | C4: رول | D4: عرض 50 سم غير مذكور عند Maxi
A5: S02 | B5: Palet streç film 20 mikron, 50 cm x 300 m | C5: رول
A6: S03 | B6: Palet streç film 23 mikron, 50 cm x 300 m | C6: رول
A7: S04 | B7: Palet streç film 23 mikron, 50 cm x 200 m (2.4 kg) | C7: رول
A8: S05 | B8: Palet streç film şeffaf 50 cm x 150 m | C8: رول | D8: سماكة غير مذكورة
A9: S06 | B9: Siyah palet streç film 50 cm x 150 m | C9: رول
A10: S07 | B10: Dilimli streç film 10 cm x 150-200 m | C10: رول | D10: الطول يختلف حسب المنافس
A11: S08 | B11: Dilimli streç film 25 cm x 150-200 m | C11: رول | D11: الطول يختلف حسب المنافس
A12: S09 | B12: Streç film 17 mikron, 50 cm x 200 m | C12: رول
A13: S10 | B13: Hotmelt koli bandı 45 mm x 100 m | C13: رول | D13: معظم المنافسين: Klas أو مشابه
A14: S11 | B14: Akrilik koli bandı 45 mm x 100 m | C14: رول
A15: S12 | B15: Hotmelt koli bandı 60 mm x 100 m | C15: رول
A16: S13 | B16: Hotmelt koli bandı 70 mm x 100 m | C16: رول
A17: S14 | B17: Hotmelt makina bandı 45 mm x 600 m | C17: رول | D17: لخطوط التغليف الآلية
A18: S15 | B18: Maskeleme bandı 48 mm x 25 m | C18: رول
A19: S16 | B19: Balonlu naylon 100 cm x 50 m, 30 gr/m2 | C19: رول
A20: S17 | B20: Balonlu naylon 150 cm x 50 m, 30 gr/m2 | C20: رول
A21: S18 | B21: Balonlu naylon 100 cm x 50 m, 110 gr/m2 (ara kalite) | C21: رول | D21: الوزن الثقيل، سعر غير معتاد
A22: S19 | B22: Karton köşebent kraft 5x5x200 cm, 5 mm | C22: قطعة | D22: يُباع بحزمة 25 قطعة عند Hamidiye
A23: S20 | B23: Gıda streci 30 cm x 300 m, 8 mikron | C23: رول
A25: خلايا العمود الأصفر فارغة عمدًا: اكتبوا أسعاركم الحالية. لا نعرف سعر البيع عندكم ولم نأخذه من أي ملف.

Sheet أسعار المنافسين
A1: الأسعار المنشورة علنًا (أضف سطرًا جديدًا في كل تحديث)
A3: التاريخ | B3: المنافس | C3: الرمز | D3: الصنف كما ظهر عندهم | E3: السعر المنشور (ليرة) | F3: عدد القطع في السعر | G3: تحقق؟ | H3: السعر للقطعة بدون KDV | I3: سعر قديم/ملاحظة | J3: رابط المصدر
A4: 2026-10-29 | B4: Maxi Ambalaj (Marmara Koli) | C4: S01 | D4: STREC FILM 17 MIKRON 300 metre | E4: 454.23 | F4: 1 | H4: =IF(AND(ISNUMBER(E4),ISNUMBER(F4),F4>0),E4/(1+'المقارنة'!$C$2)/F4,"") | I4: قديم 714.65 (خصم). العرض غير مذكور | J4: https://www.maxiambalaj.com/toptan-strec-film
A5: 2026-10-29 | B5: Maxi Ambalaj (Marmara Koli) | C5: S10 | D5: 45x100 KOLI BANDI (Hotmelt) | E5: 73.28 | F5: 1 | H5: =IF(AND(ISNUMBER(E5),ISNUMBER(F5),F5>0),E5/(1+'المقارنة'!$C$2)/F5,"") | I5: قديم 78.82. شحن مجاني | J5: https://www.maxiambalaj.com/toptan-strec-film
A6: 2026-10-29 | B6: Maxi Ambalaj (Marmara Koli) | C6: S11 | D6: 45x100 KOLI BANDI (Akrilik) | E6: 37.51 | F6: 1 | H6: =IF(AND(ISNUMBER(E6),ISNUMBER(F6),F6>0),E6/(1+'المقارنة'!$C$2)/F6,"") | I6: قديم 39.00. شحن مجاني | J6: https://www.maxiambalaj.com/toptan-strec-film
A7: 2026-10-29 | B7: Metro Ambalaj | C7: S01 | D7: Palet Strec Film 17 Micron 300 Metre | E7: 358.15 | F7: 1 | H7: =IF(AND(ISNUMBER(E7),ISNUMBER(F7),F7>0),E7/(1+'المقارنة'!$C$2)/F7,"") | I7: رول 50 سم. المخزون: غير متوفر وقت الرصد | J7: https://metroambalaj.com/collections/strec-ve-koli-bandi
A8: 2026-10-29 | B8: Metro Ambalaj | C8: S02 | D8: Palet Strec Film 20 Micron 300 Metre | E8: 370.76 | F8: 1 | H8: =IF(AND(ISNUMBER(E8),ISNUMBER(F8),F8>0),E8/(1+'المقارنة'!$C$2)/F8,"") | I8: رول 50 سم. غير متوفر وقت الرصد | J8: https://metroambalaj.com/collections/strec-ve-koli-bandi
A9: 2026-10-29 | B9: Metro Ambalaj | C9: S03 | D9: Palet Strec Film 23 Micron 300 Metre | E9: 424.58 | F9: 1 | H9: =IF(AND(ISNUMBER(E9),ISNUMBER(F9),F9>0),E9/(1+'المقارنة'!$C$2)/F9,"") | I9: رول 50 سم | J9: https://metroambalaj.com/collections/strec-ve-koli-bandi
A10: 2026-10-29 | B10: Hamidiye Ambalaj | C10: S04 | D10: 50 cm 2400 Gr (200 Metre) Palet Seffaf Strec Film 23 Micron | E10: 265 | F10: 1 | H10: =IF(AND(ISNUMBER(E10),ISNUMBER(F10),F10>0),E10/(1+'المقارنة'!$C$2)/F10,"") | J10: https://hamidiyeambalaj.com/palet-strec-film/
A11: 2026-10-29 | B11: Hamidiye Ambalaj | C11: S05 | D11: Palet Strec Film 50 cm x 150 m | E11: 190 | F11: 1 | H11: =IF(AND(ISNUMBER(E11),ISNUMBER(F11),F11>0),E11/(1+'المقارنة'!$C$2)/F11,"") | J11: https://hamidiyeambalaj.com/palet-strec-film/
A12: 2026-10-29 | B12: Hamidiye Ambalaj | C12: S06 | D12: Siyah Palet Strec Film 50 cm x 150 m | E12: 230 | F12: 1 | H12: =IF(AND(ISNUMBER(E12),ISNUMBER(F12),F12>0),E12/(1+'المقارنة'!$C$2)/F12,"") | J12: https://hamidiyeambalaj.com/palet-strec-film/
A13: 2026-10-29 | B13: Hamidiye Ambalaj | C13: S07 | D13: Palet Strec Film 10 cm x 150 m | E13: 50 | F13: 1 | H13: =IF(AND(ISNUMBER(E13),ISNUMBER(F13),F13>0),E13/(1+'المقارنة'!$C$2)/F13,"") | J13: https://hamidiyeambalaj.com/palet-strec-film/
A14: 2026-10-29 | B14: Hamidiye Ambalaj | C14: S08 | D14: Palet Strec Film 25 cm x 150 m | E14: 120 | F14: 1 | H14: =IF(AND(ISNUMBER(E14),ISNUMBER(F14),F14>0),E14/(1+'المقارنة'!$C$2)/F14,"") | J14: https://hamidiyeambalaj.com/palet-strec-film/
A15: 2026-10-29 | B15: Hamidiye Ambalaj | C15: S10 | D15: Klas 45x100 Metre Hotmelt Koli Bandi | E15: 46 | F15: 1 | H15: =IF(AND(ISNUMBER(E15),ISNUMBER(F15),F15>0),E15/(1+'المقارنة'!$C$2)/F15,"") | J15: https://hamidiyeambalaj.com/koli-bandi/
A16: 2026-10-29 | B16: Hamidiye Ambalaj | C16: S11 | D16: 45x100 Metre Akrilik Koli Bandi | E16: 40 | F16: 1 | H16: =IF(AND(ISNUMBER(E16),ISNUMBER(F16),F16>0),E16/(1+'المقارنة'!$C$2)/F16,"") | J16: https://hamidiyeambalaj.com/koli-bandi/
A17: 2026-10-29 | B17: Hamidiye Ambalaj | C17: S12 | D17: Klas 60x100 Metre Hotmelt Koli Bandi | E17: 70 | F17: 1 | H17: =IF(AND(ISNUMBER(E17),ISNUMBER(F17),F17>0),E17/(1+'المقارنة'!$C$2)/F17,"") | J17: https://hamidiyeambalaj.com/koli-bandi/
A18: 2026-10-29 | B18: Hamidiye Ambalaj | C18: S13 | D18: Klas 70x100 Metre Hotmelt Koli Bandi | E18: 82 | F18: 1 | H18: =IF(AND(ISNUMBER(E18),ISNUMBER(F18),F18>0),E18/(1+'المقارنة'!$C$2)/F18,"") | J18: https://hamidiyeambalaj.com/koli-bandi/
A19: 2026-10-29 | B19: Hamidiye Ambalaj | C19: S14 | D19: 45x600 Hotmelt Makina Seffaf Koli Bandi | E19: 360 | F19: 1 | H19: =IF(AND(ISNUMBER(E19),ISNUMBER(F19),F19>0),E19/(1+'المقارنة'!$C$2)/F19,"") | J19: https://hamidiyeambalaj.com/koli-bandi/
A20: 2026-10-29 | B20: Hamidiye Ambalaj | C20: S15 | D20: 48mm x 25 Metre Kagit Maskeleme Bandi | E20: 45 | F20: 1 | H20: =IF(AND(ISNUMBER(E20),ISNUMBER(F20),F20>0),E20/(1+'المقارنة'!$C$2)/F20,"") | J20: https://hamidiyeambalaj.com/koli-bandi/
A21: 2026-10-29 | B21: Hamidiye Ambalaj | C21: S16 | D21: Balonlu Ambalaj Naylonu 100 cm x 50 m 30 gr/m2 | E21: 360 | F21: 1 | H21: =IF(AND(ISNUMBER(E21),ISNUMBER(F21),F21>0),E21/(1+'المقارنة'!$C$2)/F21,"") | J21: https://hamidiyeambalaj.com/balonlu-ambalaj-naylonu-100-cm-50-m-30-gr-P780
... A23: 2026-10-29 | B23: Hamidiye Ambalaj | C23: S18 | D23: Ara Kalite Balonlu Naylon 100 cm x 50 m 110 gr/m2 | E23: 985 | F23: 1 | H23: =IF(AND(ISNUMBER(E23),ISNUMBER(F23),F23>0),E23/(1+'المقارنة'!$C$2)/F23,"") | J23: https://hamidiyeambalaj.com/ara-kalite-balonlu-naylon-100-cm-50-metre-110-gr-P764
A24: 2026-10-29 | B24: Hamidiye Ambalaj | C24: S19 | D24: Kose Kartonu Kosebent Kraft Karton 5x5x200 cm (25 Adet) | E24: 900 | F24: 25 | H24: =IF(AND(ISNUMBER(E24),ISNUMBER(F24),F24>0),E24/(1+'المقارنة'!$C$2)/F24,"") | I24: حزمة 25 قطعة | J24: https://hamidiyeambalaj.com/kose-kartonu-kosebent-kraft-karton-5x5x200-cm-P766
A25: 2026-10-29 | B25: Hamidiye Ambalaj | C25: S20 | D25: 30 cm 300 Metre 8 Micron Gida Streci | E25: 225 | F25: 1 | H25: =IF(AND(ISNUMBER(E25),ISNUMBER(F25),F25>0),E25/(1+'المقارنة'!$C$2)/F25,"") | J25: https://hamidiyeambalaj.com/30-cm-300-metre-8-micron-gida-streci-P867
A26: 2026-10-29 | B26: Kral Bant | C26: S09 | D26: 17 Mikron 50cm X 200mt. Strec Film 12 adet UCRETSIZ KARGO | E26: 300 | F26: 12 | G26: نعم | H26: =IF(AND(ISNUMBER(E26),ISNUMBER(F26),F26>0),E26/(1+'المقارنة'!$C$2)/F26,"") | I26: غير واضح هل السعر للحزمة (12) أم للقطعة. تحقق قبل الاعتماد | J26: https://www.kralbant.com/index.php?route=product/category&path=30
A27: 2026-10-29 | B27: Kral Bant | C27: S01 | D27: 17 Mikron 50cm X 300mt. Strec Film 12 adet UCRETSIZ KARGO | E27: 430 | F27: 12 | G27: نعم | H27: =IF(AND(ISNUMBER(E27),ISNUMBER(F27),F27>0),E27/(1+'المقارنة'!$C$2)/F27,"") | I27: نفس الملاحظة: عدد القطع في السعر غير مؤكد | J27: https://www.kralbant.com/index.php?route=product/category&path=30
A28: 2026-10-29 | B28: Kral Bant | C28: S07 | D28: 10CM X 200 METRE STREC FILM 1 KOLI 30 ADET UCRETSIZ KARGO | E28: 75 | F28: 30 | G28: نعم | H28: =IF(AND(ISNUMBER(E28),ISNUMBER(F28),F28>0),E28/(1+'المقارنة'!$C$2)/F28,"") | I28: سعر الكرتونة (30 قطعة)؟ غير مؤكد | J28: https://www.kralbant.com/index.php?route=product/category&path=30
A29: 2026-10-29 | B29: Kral Bant | C29: S08 | D29: 17 Mikron 25cm X 200mt. Strec Film | E29: 175 | F29: 1 | G29: نعم | H29: =IF(AND(ISNUMBER(E29),ISNUMBER(F29),F29>0),E29/(1+'المقارنة'!$C$2)/F29,"") | I29: لا يذكر عدد القطع | J29: https://www.kralbant.com/index.php?route=product/category&path=30

Sheet المقارنة
A1: المقارنة: سعرنا مقابل أسعار المنافسين المنشورة
A2: نسبة KDV المشمولة في أسعار المنافسين: | C2: 0 | D2: افتراض: 0% (غير شامل). غيّرها إلى 20% فقط إذا تأكدت أن المواقع تعرض سعرًا شاملًا KDV.
A4: الرمز | B4: الصنف | C4: عدد العروض المعتمدة | D4: أقل سعر للقطعة | E4: متوسط السعر | F4: أعلى سعر | G4: سعرنا (بدون KDV) | H4: فرق سعرنا عن الأقل | I4: فرق سعرنا عن المتوسط | J4: الحالة
A5: ='الأصناف'!A4 | B5: ='الأصناف'!B4 | C5: =COUNTIFS('أسعار المنافسين'!$C$4:$C$400,A5,'أسعار المنافسين'!$G$4:$G$400,"",'أسعار المنافسين'!$H$4:$H$400,">0") | D5: =IF(C5=0,"",AGGREGATE(15,6,'أسعار المنافسين'!$H$4:$H$400/(('أسعار المنافسين'!$C$4:$C$400=A5)*('أسعار المنافسين'!$G$4:$G$400="")*ISNUMBER('أسعار المنافسين'!$H$4:$H$400)),1)) | E5: =IF(C5=0,"",AVERAGEIFS('أسعار المنافسين'!$H$4:$H$400,'أسعار المنافسين'!$C$4:$C$400,A5,'أسعار المنافسين'!$G$4:$G$400,"")) | F5: =IF(C5=0,"",AGGREGATE(14,6,'أسعار المنافسين'!$H$4:$H$400/(('أسعار المنافسين'!$C$4:$C$400=A5)*('أسعار المنافسين'!$G$4:$G$400="")*ISNUMBER('أسعار المنافسين'!$H$4:$H$400)),1)) | G5: =IF('الأصناف'!E4="","",'الأصناف'!E4) | H5: =IF(OR(G5="",D5=""),"",G5/D5-1) | I5: =IF(OR(G5="",E5=""),"",G5/E5-1) | J5: =IF(C5=0,"لا توجد أسعار منشورة",IF(G5="","أدخل سعرنا",IF(H5<=0,"الأرخص أو مساوٍ",IF(H5<=0.1,"قريب (حتى +10%)","أغلى من الأقل بأكثر من 10%"))))
A6: ='الأصناف'!A5 | B6: ='الأصناف'!B5 | C6: =COUNTIFS('أسعار المنافسين'!$C$4:$C$400,A6,'أسعار المنافسين'!$G$4:$G$400,"",'أسعار المنافسين'!$H$4:$H$400,">0") | D6: =IF(C6=0,"",AGGREGATE(15,6,'أسعار المنافسين'!$H$4:$H$400/(('أسعار المنافسين'!$C$4:$C$400=A6)*('أسعار المنافسين'!$G$4:$G$400="")*ISNUMBER('أسعار المنافسين'!$H$4:$H$400)),1)) | E6: =IF(C6=0,"",AVERAGEIFS('أسعار المنافسين'!$H$4:$H$400,'أسعار المنافسين'!$C$4:$C$400,A6,'أسعار المنافسين'!$G$4:$G$400,"")) | F6: =IF(C6=0,"",AGGREGATE(14,6,'أسعار المنافسين'!$H$4:$H$400/(('أسعار المنافسين'!$C$4:$C$400=A6)*('أسعار المنافسين'!$G$4:$G$400="")*ISNUMBER('أسعار المنافسين'!$H$4:$H$400)),1)) | G6: =IF('الأصناف'!E5="","",'الأصناف'!E5) | H6: =IF(OR(G6="",D6=""),"",G6/D6-1) | I6: =IF(OR(G6="",E6=""),"",G6/E6-1) | J6: =IF(C6=0,"لا توجد أسعار منشورة",IF(G6="","أدخل سعرنا",IF(H6<=0,"الأرخص أو مساوٍ",IF(H6<=0.1,"قريب (حتى +10%)","أغلى من الأقل بأكثر من 10%"))))
A7: ='الأصناف'!A6 | B7: ='الأصناف'!B6 | C7: =COUNTIFS('أسعار المنافسين'!$C$4:$C$400,A7,'أسعار المنافسين'!$G$4:$G$400,"",'أسعار المنافسين'!$H$4:$H$400,">0") | D7: =IF(C7=0,"",AGGREGATE(15,6,'أسعار المنافسين'!$H$4:$H$400/(('أسعار المنافسين'!$C$4:$C$400=A7)*('أسعار المنافسين'!$G$4:$G$400="")*ISNUMBER('أسعار المنافسين'!$H$4:$H$400)),1)) | E7: =IF(C7=0,"",AVERAGEIFS('أسعار المنافسين'!$H$4:$H$400,'أسعار المنافسين'!$C$4:$C$400,A7,'أسعار المنافسين'!$G$4:$G$400,"")) | F7: =IF(C7=0,"",AGGREGATE(14,6,'أسعار المنافسين'!$H$4:$H$400/(('أسعار المنافسين'!$C$4:$C$400=A7)*('أسعار المنافسين'!$G$4:$G$400="")*ISNUMBER('أسعار المنافسين'!$H$4:$H$400)),1)) | G7: =IF('الأصناف'!E6="","",'الأصناف'!E6) | H7: =IF(OR(G7="",D7=""),"",G7/D7-1) | I7: =IF(OR(G7="",E7=""),"",G7/E7-1) | J7: =IF(C7=0,"لا توجد أسعار منشورة",IF(G7="","أدخل سعرنا",IF(H7<=0,"الأرخص أو مساوٍ",IF(H7<=0.1,"قريب (حتى +10%)","أغلى من الأقل بأكثر من 10%"))))
A8: ='الأصناف'!A7 | B8: ='الأصناف'!B7 | C8: =COUNTIFS('أسعار المنافسين'!$C$4:$C$400,A8,'أسعار المنافسين'!$G$4:$G$400,"",'أسعار المنافسين'!$H$4:$H$400,">0") | D8: =IF(C8=0,"",AGGREGATE(15,6,'أسعار المنافسين'!$H$4:$H$400/(('أسعار المنافسين'!$C$4:$C$400=A8)*('أسعار المنافسين'!$G$4:$G$400="")*ISNUMBER('أسعار المنافسين'!$H$4:$H$400)),1)) | E8: =IF(C8=0,"",AVERAGEIFS('أسعار المنافسين'!$H$4:$H$400,'أسعار المنافسين'!$C$4:$C$400,A8,'أسعار المنافسين'!$G$4:$G$400,"")) | F8: =IF(C8=0,"",AGGREGATE(14,6,'أسعار المنافسين'!$H$4:$H$400/(('أسعار المنافسين'!$C$4:$C$400=A8)*('أسعار المنافسين'!$G$4:$G$400="")*ISNUMBER('أسعار المنافسين'!$H$4:$H$400)),1)) | G8: =IF('الأصناف'!E7="","",'الأصناف'!E7) | H8: =IF(OR(G8="",D8=""),"",G8/D8-1) | I8: =IF(OR(G8="",E8=""),"",G8/E8-1) | J8: =IF(C8=0,"لا توجد أسعار منشورة",IF(G8="","أدخل سعرنا",IF(H8<=0,"الأرخص أو مساوٍ",IF(H8<=0.1,"قريب (حتى +10%)","أغلى من الأقل بأكثر من 10%"))))
A9: ='الأصناف'!A8 | B9: ='الأصناف'!B8 | C9: =COUNTIFS('أسعار المنافسين'!$C$4:$C$400,A9,'أسعار المنافسين'!$G$4:$G$400,"",'أسعار المنافسين'!$H$4:$H$400,">0") | D9: =IF(C9=0,"",AGGREGATE(15,6,'أسعار المنافسين'!$H$4:$H$400/(('أسعار المنافسين'!$C$4:$C$400=A9)*('أسعار المنافسين'!$G$4:$G$400="")*ISNUMBER('أسعار المنافسين'!$H$4:$H$400)),1)) | E9: =IF(C9=0,"",AVERAGEIFS('أسعار المنافسين'!$H$4:$H$400,'أسعار المنافسين'!$C$4:$C$400,A9,'أسعار المنافسين'!$G$4:$G$400,"")) | F9: =IF(C9=0,"",AGGREGATE(14,6,'أسعار المنافسين'!$H$4:$H$400/(('أسعار المنافسين'!$C$4:$C$400=A9)*('أسعار المنافسين'!$G$4:$G$400="")*ISNUMBER('أسعار المنافسين'!$H$4:$H$400)),1)) | G9: =IF('الأصناف'!E8="","",'الأصناف'!E8) | H9: =IF(OR(G9="",D9=""),"",G9/D9-1) | I9: =IF(OR(G9="",E9=""),"",G9/E9-1) | J9: =IF(C9=0,"لا توجد أسعار منشورة",IF(G9="","أدخل سعرنا",IF(H9<=0,"الأرخص أو مساوٍ",IF(H9<=0.1,"قريب (حتى +10%)","أغلى من الأقل بأكثر من 10%"))))
A10: ='الأصناف'!A9 | B10: ='الأصناف'!B9 | C10: =COUNTIFS('أسعار المنافسين'!$C$4:$C$400,A10,'أسعار المنافسين'!$G$4:$G$400,"",'أسعار المنافسين'!$H$4:$H$400,">0") | D10: =IF(C10=0,"",AGGREGATE(15,6,'أسعار المنافسين'!$H$4:$H$400/(('أسعار المنافسين'!$C$4:$C$400=A10)*('أسعار المنافسين'!$G$4:$G$400="")*ISNUMBER('أسعار المنافسين'!$H$4:$H$400)),1)) | E10: =IF(C10=0,"",AVERAGEIFS('أسعار المنافسين'!$H$4:$H$400,'أسعار المنافسين'!$C$4:$C$400,A10,'أسعار المنافسين'!$G$4:$G$400,"")) | F10: =IF(C10=0,"",AGGREGATE(14,6,'أسعار المنافسين'!$H$4:$H$400/(('أسعار المنافسين'!$C$4:$C$400=A10)*('أسعار المنافسين'!$G$4:$G$400="")*ISNUMBER('أسعار المنافسين'!$H$4:$H$400)),1)) | G10: =IF('الأصناف'!E9="","",'الأصناف'!E9) | H10: =IF(OR(G10="",D10=""),"",G10/D10-1) | I10: =IF(OR(G10="",E10=""),"",G10/E10-1) | J10: =IF(C10=0,"لا توجد أسعار منشورة",IF(G10="","أدخل سعرنا",IF(H10<=0,"الأرخص أو مساوٍ",IF(H10<=0.1,"قريب (حتى +10%)","أغلى من الأقل بأكثر من 10%"))))
A11: ='الأصناف'!A10 | B11: ='الأصناف'!B10 | C11: =COUNTIFS('أسعار المنافسين'!$C$4:$C$400,A11,'أسعار المنافسين'!$G$4:$G$400,"",'أسعار المنافسين'!$H$4:$H$400,">0") | D11: =IF(C11=0,"",AGGREGATE(15,6,'أسعار المنافسين'!$H$4:$H$400/(('أسعار المنافسين'!$C$4:$C$400=A11)*('أسعار المنافسين'!$G$4:$G$400="")*ISNUMBER('أسعار المنافسين'!$H$4:$H$400)),1)) | E11: =IF(C11=0,"",AVERAGEIFS('أسعار المنافسين'!$H$4:$H$400,'أسعار المنافسين'!$C$4:$C$400,A11,'أسعار المنافسين'!$G$4:$G$400,"")) | F11: =IF(C11=0,"",AGGREGATE(14,6,'أسعار المنافسين'!$H$4:$H$400/(('أسعار المنافسين'!$C$4:$C$400=A11)*('أسعار المنافسين'!$G$4:$G$400="")*ISNUMBER('أسعار المنافسين'!$H$4:$H$400)),1)) | G11: =IF('الأصناف'!E10="","",'الأصناف'!E10) | H11: =IF(OR(G11="",D11=""),"",G11/D11-1) | I11: =IF(OR(G11="",E11=""),"",G11/E11-1) | J11: =IF(C11=0,"لا توجد أسعار منشورة",IF(G11="","أدخل سعرنا",IF(H11<=0,"الأرخص أو مساوٍ",IF(H11<=0.1,"قريب (حتى +10%)","أغلى من الأقل بأكثر من 10%"))))
A12: ='الأصناف'!A11 | B12: ='الأصناف'!B11 | C12: =COUNTIFS('أسعار المنافسين'!$C$4:$C$400,A12,'أسعار المنافسين'!$G$4:$G$400,"",'أسعار المنافسين'!$H$4:$H$400,">0") | D12: =IF(C12=0,"",AGGREGATE(15,6,'أسعار المنافسين'!$H$4:$H$400/(('أسعار المنافسين'!$C$4:$C$400=A12)*('أسعار المنافسين'!$G$4:$G$400="")*ISNUMBER('أسعار المنافسين'!$H$4:$H$400)),1)) | E12: =IF(C12=0,"",AVERAGEIFS('أسعار المنافسين'!$H$4:$H$400,'أسعار المنافسين'!$C$4:$C$400,A12,'أسعار المنافسين'!$G$4:$G$400,"")) | F12: =IF(C12=0,"",AGGREGATE(14,6,'أسعار المنافسين'!$H$4:$H$400/(('أسعار المنافسين'!$C$4:$C$400=A12)*('أسعار المنافسين'!$G$4:$G$400="")*ISNUMBER('أسعار المنافسين'!$H$4:$H$400)),1)) | G12: =IF('الأصناف'!E11="","",'الأصناف'!E11) | H12: =IF(OR(G12="",D12=""),"",G12/D12-1) | I12: =IF(OR(G12="",E12=""),"",G12/E12-1) | J12: =IF(C12=0,"لا توجد أسعار منشورة",IF(G12="","أدخل سعرنا",IF(H12<=0,"الأرخص أو مساوٍ",IF(H12<=0.1,"قريب (حتى +10%)","أغلى من الأقل بأكثر من 10%"))))
A13: ='الأصناف'!A12 | B13: ='الأصناف'!B12 | C13: =COUNTIFS('أسعار المنافسين'!$C$4:$C$400,A13,'أسعار المنافسين'!$G$4:$G$400,"",'أسعار المنافسين'!$H$4:$H$400,">0") | D13: =IF(C13=0,"",AGGREGATE(15,6,'أسعار المنافسين'!$H$4:$H$400/(('أسعار المنافسين'!$C$4:$C$400=A13)*('أسعار المنافسين'!$G$4:$G$400="")*ISNUMBER('أسعار المنافسين'!$H$4:$H$400)),1)) | E13: =IF(C13=0,"",AVERAGEIFS('أسعار المنافسين'!$H$4:$H$400,'أسعار المنافسين'!$C$4:$C$400,A13,'أسعار المنافسين'!$G$4:$G$400,"")) | F13: =IF(C13=0,"",AGGREGATE(14,6,'أسعار المنافسين'!$H$4:$H$400/(('أسعار المنافسين'!$C$4:$C$400=A13)*('أسعار المنافسين'!$G$4:$G$400="")*ISNUMBER('أسعار المنافسين'!$H$4:$H$400)),1)) | G13: =IF('الأصناف'!E12="","",'الأصناف'!E12) | H13: =IF(OR(G13="",D13=""),"",G13/D13-1) | I13: =IF(OR(G13="",E13=""),"",G13/E13-1) | J13: =IF(C13=0,"لا توجد أسعار منشورة",IF(G13="","أدخل سعرنا",IF(H13<=0,"الأرخص أو مساوٍ",IF(H13<=0.1,"قريب (حتى +10%)","أغلى من الأقل بأكثر من 10%"))))
A14: ='الأصناف'!A13 | B14: ='الأصناف'!B13 | C14: =COUNTIFS('أسعار المنافسين'!$C$4:$C$400,A14,'أسعار المنافسين'!$G$4:$G$400,"",'أسعار المنافسين'!$H$4:$H$400,">0") | D14: =IF(C14=0,"",AGGREGATE(15,6,'أسعار المنافسين'!$H$4:$H$400/(('أسعار المنافسين'!$C$4:$C$400=A14)*('أسعار المنافسين'!$G$4:$G$400="")*ISNUMBER('أسعار المنافسين'!$H$4:$H$400)),1)) | E14: =IF(C14=0,"",AVERAGEIFS('أسعار المنافسين'!$H$4:$H$400,'أسعار المنافسين'!$C$4:$C$400,A14,'أسعار المنافسين'!$G$4:$G$400,"")) | F14: =IF(C14=0,"",AGGREGATE(14,6,'أسعار المنافسين'!$H$4:$H$400/(('أسعار المنافسين'!$C$4:$C$400=A14)*('أسعار المنافسين'!$G$4:$G$400="")*ISNUMBER('أسعار المنافسين'!$H$4:$H$400)),1)) | G14: =IF('الأصناف'!E13="","",'الأصناف'!E13) | H14: =IF(OR(G14="",D14=""),"",G14/D14-1) | I14: =IF(OR(G14="",E14=""),"",G14/E14-1) | J14: =IF(C14=0,"لا توجد أسعار منشورة",IF(G14="","أدخل سعرنا",IF(H14<=0,"الأرخص أو مساوٍ",IF(H14<=0.1,"قريب (حتى +10%)","أغلى من الأقل بأكثر من 10%"))))
A15: ='الأصناف'!A14 | B15: ='الأصناف'!B14 | C15: =COUNTIFS('أسعار المنافسين'!$C$4:$C$400,A15,'أسعار المنافسين'!$G$4:$G$400,"",'أسعار المنافسين'!$H$4:$H$400,">0") | D15: =IF(C15=0,"",AGGREGATE(15,6,'أسعار المنافسين'!$H$4:$H$400/(('أسعار المنافسين'!$C$4:$C$400=A15)*('أسعار المنافسين'!$G$4:$G$400="")*ISNUMBER('أسعار المنافسين'!$H$4:$H$400)),1)) | E15: =IF(C15=0,"",AVERAGEIFS('أسعار المنافسين'!$H$4:$H$400,'أسعار المنافسين'!$C$4:$C$400,A15,'أسعار المنافسين'!$G$4:$G$400,"")) | F15: =IF(C15=0,"",AGGREGATE(14,6,'أسعار المنافسين'!$H$4:$H$400/(('أسعار المنافسين'!$C$4:$C$400=A15)*('أسعار المنافسين'!$G$4:$G$400="")*ISNUMBER('أسعار المنافسين'!$H$4:$H$400)),1)) | G15: =IF('الأصناف'!E14="","",'الأصناف'!E14) | H15: =IF(OR(G15="",D15=""),"",G15/D15-1) | I15: =IF(OR(G15="",E15=""),"",G15/E15-1) | J15: =IF(C15=0,"لا توجد أسعار منشورة",IF(G15="","أدخل سعرنا",IF(H15<=0,"الأرخص أو مساوٍ",IF(H15<=0.1,"قريب (حتى +10%)","أغلى من الأقل بأكثر من 10%"))))
A16: ='الأصناف'!A15 | B16: ='الأصناف'!B15 | C16: =COUNTIFS('أسعار المنافسين'!$C$4:$C$400,A16,'أسعار المنافسين'!$G$4:$G$400,"",'أسعار المنافسين'!$H$4:$H$400,">0") | D16: =IF(C16=0,"",AGGREGATE(15,6,'أسعار المنافسين'!$H$4:$H$400/(('أسعار المنافسين'!$C$4:$C$400=A16)*('أسعار المنافسين'!$G$4:$G$400="")*ISNUMBER('أسعار المنافسين'!$H$4:$H$400)),1)) | E16: =IF(C16=0,"",AVERAGEIFS('أسعار المنافسين'!$H$4:$H$400,'أسعار المنافسين'!$C$4:$C$400,A16,'أسعار المنافسين'!$G$4:$G$400,"")) | F16: =IF(C16=0,"",AGGREGATE(14,6,'أسعار المنافسين'!$H$4:$H$400/(('أسعار المنافسين'!$C$4:$C$400=A16)*('أسعار المنافسين'!$G$4:$G$400="")*ISNUMBER('أسعار المنافسين'!$H$4:$H$400)),1)) | G16: =IF('الأصناف'!E15="","",'الأصناف'!E15) | H16: =IF(OR(G16="",D16=""),"",G16/D16-1) | I16: =IF(OR(G16="",E16=""),"",G16/E16-1) | J16: =IF(C16=0,"لا توجد أسعار منشورة",IF(G16="","أدخل سعرنا",IF(H16<=0,"الأرخص أو مساوٍ",IF(H16<=0.1,"قريب (حتى +10%)","أغلى من الأقل بأكثر من 10%"))))
... A24: ='الأصناف'!A23 | B24: ='الأصناف'!B23 | C24: =COUNTIFS('أسعار المنافسين'!$C$4:$C$400,A24,'أسعار المنافسين'!$G$4:$G$400,"",'أسعار المنافسين'!$H$4:$H$400,">0") | D24: =IF(C24=0,"",AGGREGATE(15,6,'أسعار المنافسين'!$H$4:$H$400/(('أسعار المنافسين'!$C$4:$C$400=A24)*('أسعار المنافسين'!$G$4:$G$400="")*ISNUMBER('أسعار المنافسين'!$H$4:$H$400)),1)) | E24: =IF(C24=0,"",AVERAGEIFS('أسعار المنافسين'!$H$4:$H$400,'أسعار المنافسين'!$C$4:$C$400,A24,'أسعار المنافسين'!$G$4:$G$400,"")) | F24: =IF(C24=0,"",AGGREGATE(14,6,'أسعار المنافسين'!$H$4:$H$400/(('أسعار المنافسين'!$C$4:$C$400=A24)*('أسعار المنافسين'!$G$4:$G$400="")*ISNUMBER('أسعار المنافسين'!$H$4:$H$400)),1)) | G24: =IF('الأصناف'!E23="","",'الأصناف'!E23) | H24: =IF(OR(G24="",D24=""),"",G24/D24-1) | I24: =IF(OR(G24="",E24=""),"",G24/E24-1) | J24: =IF(C24=0,"لا توجد أسعار منشورة",IF(G24="","أدخل سعرنا",IF(H24<=0,"الأرخص أو مساوٍ",IF(H24<=0.1,"قريب (حتى +10%)","أغلى من الأقل بأكثر من 10%"))))
A26: الحالة: "قريب" = سعرنا أعلى من أقل منافس بنسبة حتى 10%. الأسعار المحسوبة تستثني السطور المعلّمة "تحقق؟ = نعم". اللون الأخضر = رابط من صفحة أخرى.

Sheet المنافسون
A1: قائمة المنافسين في إسطنبول الأوروبية (من ملف التحليل)
A3: الشركة | B3: المنطقة | C3: النوع | D3: يعرض أسعارًا؟ | E3: ملاحظات | F3: الموقع
A4: Akva Ambalaj | B4: Büyükçekmece | C4: مصنّع | D4: لا | E4: köşebent وstreç وbant. ISO 9001/14001 | F4: https://www.akvaambalaj.com/
A5: Kırıktaş Ambalaj A.Ş | B5: Hadımköy / Arnavutköy | C5: مصنّع | D5: متجر أونلاين | E5: فويل وstreç غذائي. ambalajsepete.com | F5: https://www.kiriktas.com.tr/
A6: Damra Ambalaj | B6: Hadımköy / Arnavutköy | C6: مصنّع | D6: لا | E6: PVC streç | F6: https://www.damraambalaj.com.tr/
A7: İleri Bant | B7: İkitelli (ESKOOP) | C7: مصنّع | D7: لا | E7: علامات مسجلة: Next Tape, Klasbant | F7: https://www.ileribant.com/
A8: Sarcina Ambalaj | B8: İkitelli OSB | C8: مصنّع | D8: لا | E8: slipsheet وstabulon | F8: https://www.sarcina.com.tr/
A9: ACK Plastik | B9: Beylikdüzü OSB + Avcılar | C9: مصنّع | D9: لا | E9: الأقرب لنموذجنا: تغليف + سلامة + قرطاسية + نظافة | F9: https://ackplastik.com/
A10: Paksan Bant | B10: Beylikdüzü | C10: مصنّع/موزّع | D10: لا | E10: palet streç وshrink | F10: https://www.paksanbant.com/
A11: Akbrella | B11: Esenyurt | C11: مصنّع | D11: لا | E11: balonlu naylon وstreç | F11: https://www.akbrella.com.tr/
A12: Hayden Ambalaj | B12: İkitelli (غير مؤكد) | C12: مصنّع | D12: غير معروف | E12: koli bandı + streç
A13: Gürban Ambalaj | B13: İkitelli OSB | C13: مصنّع | D13: غير معروف | E13: koli bandı + streç
A14: Furkan Plastik | B14: Güngören | C14: مصنّع | D14: غير معروف | E14: koli bandı | F14: https://www.furkanplastik.com/
A15: Kolici | B15: Başakşehir / Kayabaşı | C15: مصنّع كرتون | D15: متجر | E15: مصنع كرتون | F15: https://www.kolici.com/
A16: Kale Ambalaj | B16: Zeytinburnu (مستنتج) | C16: مصنّع | D16: غير معروف | E16: palet streç | F16: https://www.toptanstrec.com/
A17: Birinci Kalite Ambalaj | B17: Hadımköy / Arnavutköy | C17: موزّع | D17: غير معروف
A18: Arı Ambalaj | B18: Arnavutköy | C18: موزّع | D18: لا | E18: يعلن عبر Instagram
A19: Hamidiye Ambalaj | B19: Bağcılar (İSTOÇ) | C19: متجر أونلاين | D19: نعم + سلة | E19: شحن في نفس اليوم قبل 15:00 | F19: https://hamidiyeambalaj.com/
A20: Maxi Ambalaj (Marmara Koli) | B20: غير منشور | C20: متجر أونلاين | D20: نعم + سلة | E20: شحن مجاني على أصناف | F20: https://www.maxiambalaj.com/
A21: Kral Bant | B21: غير منشور | C21: متجر أونلاين | D21: نعم + سلة | E21: عدد القطع في السعر غير واضح | F21: https://www.kralbant.com/
A22: Metro Ambalaj | B22: غير منشور | C22: متجر أونلاين | D22: نعم (Shopify + PayTR) | E22: بعض الأصناف "غير متوفر" | F22: https://metroambalaj.com/
A23: Kolibul.com | B23: Bağcılar (Fevziçakmak 2066 Sk. No:6) | C23: متجر أونلاين | D23: لا (على الصفحة الرئيسية) | E23: koli وbant وstreç | F23: https://kolibul.com/
A24: Erpak Ambalaj | B24: Bağcılar (İSTOÇ) | C24: موزّع ماكينات | D24: لا | E24: ماكينات çember | F24: https://www.erpakambalaj.com/
A25: Sebant | B25: Güngören / İSTOÇ | C25: مصنّع/موزّع | D25: غير معروف | E25: balonlu naylon | F25: http://www.sebant.com.tr/
A26: Sakura Ambalaj | B26: غير منشور (يخدم Esenyurt/Avcılar/Beylikdüzü) | C26: موزّع | D26: لا | E26: صفحات SEO لكل منطقة | F26: https://sakuraambalaj.com/
A27: Yılpak Ambalaj | B27: Beylikdüzü / Yakuplu | C27: موزّع | D27: غير معروف | E27: palet streç + koli bandı
A28: Plast.com.tr | B28: غير منشور | C28: مصنّع بالتات | D28: نعم (بالدولار) | E28: بالتات بلاستيك 12.9 إلى 46.8 دولار | F28: https://www.plast.com.tr/
A29: Plastik Palet Market | B29: İkitelli OSB | C29: بالتات | D29: غير معروف
